,model_name,threshold,train_accuracy,val_accuracy,test_accuracy
4,bert-base-uncased,0.95,0.9503093361854553,0.7011494636535645,0.6275889277458191
2,bert-base-uncased,0.99,0.9470686316490173,0.7179487347602844,0.6299787163734436
5,bert-base-uncased,0.999,0.954335629940033,0.7002652883529663,0.6437864899635315
3,bert-base-uncased,0.9999,0.9500147104263306,0.7099911570549011,0.6339617371559143
1,bert-base-uncased,0.99999,0.9112246036529541,0.6622458100318909,0.5958576798439026
0,bert-base-uncased,1.0,0.8813709020614624,0.6666666865348816,0.5987785458564758
