,model_name,threshold,train_accuracy,val_accuracy,test_accuracy
10,bert-base-uncased,0.95,0.9481488466262817,0.6940760612487793,0.6190918684005737
11,bert-base-uncased,0.999,0.9170185327529907,0.69849693775177,0.6159054636955261
8,bert-base-uncased,0.9999,0.955612301826477,0.7038019895553589,0.628518283367157
9,bert-base-uncased,0.99999,0.9580673575401306,0.6976127624511719,0.6303770542144775
12,bert-base-uncased,1.0,0.9589511752128601,0.7391688823699951,0.6400690078735352
